RUN_DT, MRNT_CD, STLB_TRN_CLSF_CD, SPL_SEAT_SUM_NUM, ABRD_PRNB, SEAT_DST, ABRD_SLJN_DST, AGGR_YMDHMS
20191001,08,01,4280,3769,10605840,3306059,20191001000000
20191001,01,02,26004,54383,94903428,41213021,20191001000000
20191001,08,02,7720,12528,20379072,9060515,20191001000000
20191001,04,08,1504,1431,6417568,1676545,20191001000000
20191001,00,* ,0,162,0,80517,20191001000000
20191001,01,07,2250,3145,9207465,7409485,20191001000000
20191001,03,02,12654,10122,31481628,8733170,20191001000000
20191001,02,02,5008,6257,13754472,5657007,20191001000000
20191001,88,07,4500,5600,18127830,12452775,20191001000000
20191001,03,07,11225,10544,36850568,21696492,20191001000000
20191001,C1,98,2528,920,0,0,20191001000000
20191001,01,08,7520,10651,33934752,11213461,20191001000000
20191001,04,02,9592,13076,38823568,11891611,20191001000000
20191001,04,07,6000,6338,23540790,15026503,20191001000000
20191001,04,00,11460,8275,45916229,18453748,20191001000000
20191001,03,08,4512,4143,16891424,4053479,20191001000000
20191001,01,10,2460,2905,10195562,7006398,20191001000000
20191001,88,02,3996,3677,6420190,2379473,20191001000000
20191001,01,01,398,111,1583244,145870,20191001000000
20191001,88,00,11460,9067,48208945,21399979,20191001000000
20191001,N1,10,14760,8865,32837184,14373983,20191001000000
20191001,30,02,1416,451,1631232,225996,20191001000000
20191001,8B,07,8250,9351,30215766,18179642,20191001000000
20191001,01,04,1578,2675,2526904,1466573,20191001000000
20191001,03,04,1052,2273,3746172,1968355,20191001000000
20191001,05,02,4328,5904,9430104,2851989,20191001000000
20191001,65,02,3312,4603,11539008,4636272,20191001000000
20191001,02,08,1504,423,3113280,451048,20191001000000
20191001,8B,02,2254,336,870044,105293,20191001000000
20191001,60,02,1600,1347,6211040,1099051,20191001000000
20191001,03,10,1230,649,1986848,540801,20191001000000
20191001,03,00,22920,12056,80226677,27538506,20191001000000
20191001,75,02,6500,7932,11718250,3875569,20191001000000
20191001,05,04,1052,581,1673732,395982,20191001000000
20191001,8B,00,5730,3502,21091223,7210637,20191001000000
20191001,60,01,1220,122,565748,33082,20191001000000
20191001,01,00,88687,69683,357123691,165447054,20191001000000
20191001,83,02,1288,787,1458016,306554,20191001000000
20191001,14,09,12348,13572,13649440,8224147,20191001000000
20191002,88,07,4570,6592,18393745,15021071,20191002000000
20191002,02,02,6004,8587,15353052,8931087,20191002000000
20191002,01,04,1578,3195,2526904,1953896,20191002000000
20191002,04,01,774,636,2937374,1410194,20191002000000
20191002,01,07,2250,3733,9207465,8663829,20191002000000
20191002,04,08,1504,1929,6417568,2661252,20191002000000
20191002,8B,00,5730,5449,21091223,11382149,20191002000000
20191002,01,01,398,181,1583244,234538,20191002000000
20191002,88,00,11460,12613,48208945,30429517,20191002000000
20191002,8B,02,2254,370,870044,118808,20191002000000
20191002,03,08,4512,5954,16891424,6883835,20191002000000
20191002,00,* ,0,162,0,80517,20191002000000
20191002,01,08,7520,14110,33934752,17739249,20191002000000
20191002,05,02,4328,7658,9430104,4407596,20191002000000
20191002,03,04,1052,2844,3746172,2468906,20191002000000
20191002,03,10,1230,1140,2043584,1213531,20191002000000
20191002,60,01,1536,219,746974,60663,20191002000000
20191002,08,02,7720,15102,20379072,11480809,20191002000000
20191002,C1,98,2528,1401,0,0,20191002000000
20191002,04,07,6140,7795,24082077,18362156,20191002000000
20191002,88,02,3996,3776,6420190,2324264,20191002000000
20191002,83,02,1288,1000,1458016,387043,20191002000000
20191002,75,02,6500,8926,11718250,4469572,20191002000000
20191002,03,00,22920,19458,80226677,46204697,20191002000000
20191002,88,01,436,114,1120084,110778,20191002000000
20191002,N1,10,14760,12094,32955480,19928622,20191002000000
20191002,02,01,400,209,1012400,366336,20191002000000
20191002,04,02,9592,17123,38823568,17799859,20191002000000
20191002,14,09,12348,14994,14751940,9489517,20191002000000
20191002,01,00,88687,96094,357040211,240552480,20191002000000
20191002,8B,07,8250,11764,30212070,23351881,20191002000000
20191002,03,07,11050,12477,36304366,24527779,20191002000000
20191002,01,10,2460,3275,10195562,8188658,20191002000000
20191002,03,02,13950,12114,35590504,11429052,20191002000000
20191002,05,04,1052,825,1673732,597452,20191002000000
20191002,30,02,1416,633,1631232,321632,20191002000000
20191002,02,08,1504,539,3113280,594326,20191002000000
20191002,11,01,272,3,161024,1776,20191002000000
20191002,01,02,25504,65226,93804928,56190440,20191002000000
20191002,60,02,1596,1620,6197004,1677617,20191002000000
20191002,65,02,3312,5672,11539008,6070569,20191002000000
20191002,04,00,11332,10462,45512837,23527013,20191002000000
20191002,08,01,4788,4857,11864664,4373361,20191002000000
20191003,75,02,6500,3871,11718250,2192693,20191003000000
20191003,02,01,400,156,1012400,251180,20191003000000
20191003,8B,00,5730,4220,21320375,9096428,20191003000000
20191003,01,02,23920,57121,91463920,60719271,20191003000000
20191003,01,04,1578,2558,2526904,2036985,20191003000000
20191003,04,07,6000,6847,24023250,17208893,20191003000000
20191003,04,08,1504,1885,6417568,3035649,20191003000000
20191003,65,02,3312,3237,11539008,3968257,20191003000000
20191003,01,08,8272,15387,37340560,21265954,20191003000000
20191003,88,02,3996,3899,6420190,2819495,20191003000000
20191003,N1,10,15580,11736,34774560,19794840,20191003000000
20191003,05,02,4328,4638,9430104,3678393,20191003000000
20191003,03,07,10980,10501,36950570,23113697,20191003000000
20191003,88,07,4570,4656,18907965,11902435,20191003000000
20191003,02,02,5008,5671,13754472,6213946,20191003000000
20191003,83,02,1288,180,1458016,82301,20191003000000
20191003,03,00,22920,12965,81064220,32505798,20191003000000
20191003,03,04,1052,2445,3746172,2715752,20191003000000
20191003,14,09,18522,16409,18151560,12532700,20191003000000
20191003,C1,98,2528,1516,0,0,20191003000000
20191003,03,08,4512,5962,16891424,7300778,20191003000000
20191003,60,01,1536,102,746974,28254,20191003000000
20191003,02,08,1504,988,3113280,1151135,20191003000000
20191003,03,10,1230,423,1951600,500668,20191003000000
20191003,08,01,4788,5667,11864664,5846308,20191003000000
20191003,04,00,13242,10981,50684524,28244678,20191003000000
20191003,88,00,11460,9508,48518775,24063070,20191003000000
20191003,08,02,7720,13114,20379072,12275161,20191003000000
20191003,01,10,3280,3547,13751810,9851092,20191003000000
20191003,01,07,2625,3545,10953750,9420504,20191003000000
20191003,8B,02,2254,364,870044,125118,20191003000000
20191003,01,01,398,185,1583244,327999,20191003000000
20191003,05,04,1052,748,1673732,589812,20191003000000
20191003,8B,07,8285,8950,30844860,19520866,20191003000000
20191003,03,02,13154,12633,32900852,15569953,20191003000000
20191003,01,00,96327,78605,392493113,217140288,20191003000000
20191003,88,01,436,253,1120084,338546,20191003000000
20191003,60,02,1592,821,6182968,535145,20191003000000
20191003,30,02,1416,607,1631232,326750,20191003000000
20191003,04,02,9592,16848,38823568,20068440,20191003000000
20191003,04,01,1112,387,3511298,768119,20191003000000
20191004,01,02,27330,83641,97320198,75768760,20191004000000
20191004,02,08,1504,875,3113280,920925,20191004000000
20191004,N1,10,19680,17424,43074600,30049862,20191004000000
20191004,01,08,8272,19901,37340560,24303977,20191004000000
20191004,02,02,5008,8676,13754472,7925177,20191004000000
20191004,88,01,436,418,1120084,511555,20191004000000
20191004,88,02,3996,6221,6420190,4031067,20191004000000
20191004,03,02,13510,16594,35358760,17678477,20191004000000
20191004,30,02,1416,1072,1631232,591605,20191004000000
20191004,11,01,272,1,161024,560,20191004000000
20191004,01,01,398,393,1583244,620868,20191004000000
20191004,04,08,1504,2442,6417568,3671149,20191004000000
20191004,8B,07,6785,10275,24786491,20615367,20191004000000
20191004,08,01,4788,6667,11864664,6502238,20191004000000
20191004,8B,02,2254,585,870044,189224,20191004000000
20191004,05,02,4328,9169,9430104,5531136,20191004000000
20191004,8B,00,7640,6645,28209719,13970928,20191004000000
20191004,04,00,13242,14316,50810112,32783354,20191004000000
20191004,02,01,1076,747,2606408,1622076,20191004000000
20191004,08,02,7720,17899,20379072,14416024,20191004000000
20191004,05,04,1052,1542,1673732,1066937,20191004000000
20191004,03,07,10535,12074,36680885,24569984,20191004000000
20191004,88,00,11460,11332,48272145,27439570,20191004000000
20191004,04,07,6410,8957,25072337,20760138,20191004000000
20191004,01,04,1578,3602,2526904,2368309,20191004000000
20191004,60,02,1856,2487,7491880,2546437,20191004000000
20191004,C1,98,2528,1036,0,0,20191004000000
20191004,65,02,3312,6710,11539008,7071421,20191004000000
20191004,03,04,1052,3373,3746172,2954721,20191004000000
20191004,14,09,12348,19646,19039440,13113780,20191004000000
20191004,03,00,28522,22047,92837015,51318659,20191004000000
20191004,04,02,9592,23619,38823568,25766057,20191004000000
20191004,00,* ,0,472,0,210751,20191004000000
20191004,88,07,6750,9547,27633034,21632122,20191004000000
20191004,01,00,108870,113324,442042830,287722834,20191004000000
20191004,04,01,436,598,1874364,1086564,20191004000000
20191004,60,01,1536,550,746974,149240,20191004000000
20191004,83,02,1674,380,1864088,96875,20191004000000
20191004,75,02,6500,8212,11718250,4226340,20191004000000
20191004,01,07,3070,4558,12606158,10717646,20191004000000
20191004,8B,10,820,349,2971584,740000,20191004000000
20191004,03,08,4512,7073,16891424,8627749,20191004000000
20191004,88,10,820,1245,3572172,3002215,20191004000000
20191005,01,01,1074,467,3535194,668915,20191005000000
20191005,11,01,272,0,161024,0,20191005000000
20191005,01,07,3750,5791,15592125,14418402,20191005000000
20191005,75,02,6500,9199,11718250,5236721,20191005000000
20191005,05,02,4328,6303,9430104,4554671,20191005000000
20191005,05,04,1052,1235,1673732,947040,20191005000000
20191005,14,09,20580,25733,20168400,19610371,20191005000000
20191005,8B,10,820,651,3030720,1466749,20191005000000
20191005,88,07,6820,9520,28534965,22524492,20191005000000
20191005,03,08,4512,9122,16891424,11673484,20191005000000
20191005,04,08,1504,3043,6417568,4928048,20191005000000
20191005,30,02,1802,1179,2584652,851996,20191005000000
20191005,04,01,436,693,1874364,1401576,20191005000000
20191005,8B,07,6890,9705,25699370,21163045,20191005000000
20191005,03,00,28522,25826,92617949,63747969,20191005000000
20191005,88,00,11460,13127,48518775,31339230,20191005000000
20191005,00,* ,0,42,0,9859,20191005000000
20191005,8B,02,2254,605,870044,198278,20191005000000
20191005,03,02,14506,19745,38360704,23939441,20191005000000
20191005,01,08,8272,23873,37340560,30251804,20191005000000
20191005,02,08,1504,1075,3113280,1278496,20191005000000
20191005,60,01,1988,593,986082,170248,20191005000000
20191005,88,01,436,501,1120084,558889,20191005000000
20191005,65,02,3312,7013,11539008,7482029,20191005000000
20191005,08,02,7720,17646,20379072,15800585,20191005000000
20191005,04,02,9842,24458,39646068,28910007,20191005000000
20191005,01,02,24928,81899,94892128,83634172,20191005000000
20191005,01,04,1578,2982,2526904,2213087,20191005000000
20191005,04,00,13242,16756,50709420,39745861,20191005000000
20191005,8B,00,7640,8554,28379735,18518630,20191005000000
20191005,02,02,6016,8997,15382392,9861123,20191005000000
20191005,83,02,1288,160,1458016,58722,20191005000000
20191005,03,04,1052,3262,3746172,3408327,20191005000000
20191005,C1,98,2528,1284,0,0,20191005000000
20191005,60,02,2120,3592,8800792,3494054,20191005000000
20191005,88,02,4860,7280,9437278,6947600,20191005000000
20191005,01,00,110780,124557,453498940,327939402,20191005000000
20191005,N1,10,21320,19570,46543200,33683425,20191005000000
20191005,03,07,10500,13371,35896125,28711892,20191005000000
20191005,88,10,820,1085,3643260,2519913,20191005000000
20191005,08,01,4788,8363,11864664,8471140,20191005000000
20191005,02,01,400,241,1012400,436365,20191005000000
20191005,04,07,7605,11151,30539945,26576280,20191005000000
20191006,88,07,6785,9301,28408755,22168214,20191006000000
20191006,88,10,820,1546,3643260,3457381,20191006000000
20191006,8B,00,7640,8435,28379735,18705229,20191006000000
20191006,03,04,1052,3204,3746172,3556226,20191006000000
20191006,02,01,1256,1005,2691016,1896710,20191006000000
20191006,04,08,1504,2545,6417568,4323316,20191006000000
20191006,05,02,4328,7337,9430104,5747588,20191006000000
20191006,08,02,9448,18020,22786176,17249050,20191006000000
20191006,03,07,10640,11944,37361487,26219348,20191006000000
20191006,75,02,6500,8641,11718250,5000210,20191006000000
20191006,02,02,6004,8787,15408828,10013950,20191006000000
20191006,14,09,18522,21707,18151560,16797197,20191006000000
20191006,8B,02,2254,585,870044,202389,20191006000000
20191006,N1,10,21320,17709,46543200,31069749,20191006000000
20191006,11,01,272,0,161024,0,20191006000000
20191006,65,02,3312,6619,11539008,7926565,20191006000000
20191006,04,01,1112,1163,3826314,2818362,20191006000000
20191006,30,02,1802,1295,2584652,955231,20191006000000
20191006,02,08,1504,1208,3113280,1461722,20191006000000
20191006,C1,98,2528,1242,0,0,20191006000000
20191006,05,04,1052,1364,1673732,1073822,20191006000000
20191006,03,00,28522,25894,93858466,61571501,20191006000000
20191006,01,00,108870,120989,446525390,327476566,20191006000000
20191006,00,* ,0,50,0,12796,20191006000000
20191006,03,08,4512,8601,16891424,11418856,20191006000000
20191006,88,01,436,485,1120084,551711,20191006000000
20191006,88,00,11460,13876,48518775,34011063,20191006000000
20191006,08,01,4788,7242,11864664,7585841,20191006000000
20191006,60,01,1988,590,986082,162140,20191006000000
20191006,60,02,1856,3436,7491880,3104200,20191006000000
20191006,88,02,3996,6540,6420190,4452449,20191006000000
20191006,01,07,3750,5893,15592125,14390357,20191006000000
20191006,01,08,8272,22352,37340560,31368320,20191006000000
20191006,04,07,7265,10025,29188215,24535779,20191006000000
20191006,04,00,13242,14884,50709420,36256476,20191006000000
20191006,03,02,13510,16670,35358760,20239304,20191006000000
20191006,01,04,1578,2892,2526904,2269448,20191006000000
20191006,04,02,9842,22890,39646068,29096432,20191006000000
20191006,83,02,1288,135,1458016,46143,20191006000000
20191006,01,02,23920,75460,91463920,79537990,20191006000000
20191006,8B,10,820,581,3030720,1334294,20191006000000
20191006,01,01,398,389,1583244,488996,20191006000000
20191006,8B,07,6750,9919,25171500,21654335,20191006000000
20191007,8B,00,5730,4117,21024695,8444888,20191007000000
20191007,8B,07,8425,9757,30848705,19713720,20191007000000
20191007,01,10,2460,3264,10195562,8217066,20191007000000
20191007,04,02,9592,13736,38823568,14233246,20191007000000
20191007,04,07,6000,6949,23540790,16402607,20191007000000
20191007,02,02,5008,5975,13754472,5272269,20191007000000
20191007,04,00,11460,9846,46227677,22270128,20191007000000
20191007,01,00,90725,81087,368492480,199336904,20191007000000
20191007,14,09,12348,14312,13903260,8903210,20191007000000
20191007,02,01,400,243,1012400,458658,20191007000000
20191007,03,00,22920,14344,80300549,33452258,20191007000000
20191007,60,01,904,0,478216,0,20191007000000
20191007,01,08,7520,12492,33934752,14525691,20191007000000
20191007,75,02,6500,6009,11718250,2991799,20191007000000
20191007,01,07,2320,3290,9494290,8098256,20191007000000
20191007,05,04,1052,843,1673732,580462,20191007000000
20191007,88,00,11460,9533,48208945,22974459,20191007000000
20191007,8B,10,820,499,2971154,906131,20191007000000
20191007,02,08,1504,413,3113280,467378,20191007000000
20191007,03,02,12654,11214,31611352,10801451,20191007000000
20191007,01,02,25504,56740,93804928,47561866,20191007000000
20191007,00,* ,0,298,0,138736,20191007000000
20191007,88,07,4535,6175,18265563,13633499,20191007000000
20191007,03,07,11015,12031,36271642,24639454,20191007000000
20191007,01,04,1578,2781,2526904,1691902,20191007000000
20191007,88,02,3996,4060,6420190,2551291,20191007000000
20191007,N1,10,14760,10158,32908608,16490639,20191007000000
20191007,30,02,1416,585,1631232,305912,20191007000000
20191007,03,08,4512,4449,16891424,4769274,20191007000000
20191007,60,02,1592,1261,6182968,951585,20191007000000
20191007,65,02,3312,4978,11539008,5218585,20191007000000
20191007,C1,98,2528,1020,0,0,20191007000000
20191007,8B,02,2254,368,870044,117371,20191007000000
20191007,03,10,1230,886,2092976,831205,20191007000000
20191007,04,08,1504,1487,6417568,1882297,20191007000000
20191007,03,04,1052,2487,3746172,2265772,20191007000000
20191007,04,01,676,538,1892124,1505862,20191007000000
20191007,08,02,7720,13121,20379072,10256561,20191007000000
20191007,83,02,1288,190,1458016,49603,20191007000000
20191007,05,02,4328,6419,9430104,3413570,20191007000000
20191007,08,01,4280,3901,10605840,3450582,20191007000000
20191008,83,02,1288,211,1458016,57709,20191008000000
20191008,01,04,1578,3088,2526904,1806706,20191008000000
20191008,30,02,1416,789,1631232,419144,20191008000000
20191008,08,01,4956,5084,12143740,5388170,20191008000000
20191008,04,07,6035,7801,23720972,17767921,20191008000000
20191008,03,07,11155,12426,36707636,24308939,20191008000000
20191008,60,01,1220,300,565748,81498,20191008000000
20191008,75,02,6500,7302,11718250,3573047,20191008000000
20191008,04,00,11460,10605,45916229,23964491,20191008000000
20191008,8B,02,2254,714,870044,232914,20191008000000
20191008,03,08,4512,4594,16891424,4808180,20191008000000
20191008,8B,07,8320,11038,30460625,21655047,20191008000000
20191008,N1,10,14760,11487,32888520,18919103,20191008000000
20191008,01,02,25504,57709,93804928,45495277,20191008000000
20191008,8B,00,5730,4825,21091223,9530743,20191008000000
20191008,03,04,1052,2684,3746172,2252009,20191008000000
20191008,65,02,3312,5683,11539008,5932547,20191008000000
20191008,14,09,12348,16494,15021440,10554103,20191008000000
20191008,08,02,7720,13578,20379072,10162869,20191008000000
20191008,05,02,4328,7185,9430104,3850093,20191008000000
20191008,01,07,2320,3699,9494290,8315586,20191008000000
20191008,60,02,1592,1426,6182968,973139,20191008000000
20191008,01,00,88815,89217,357440915,213316143,20191008000000
20191008,05,04,1052,1005,1673732,669599,20191008000000
20191008,03,00,22920,16828,80226677,39141758,20191008000000
20191008,01,10,2460,3410,10195562,8291712,20191008000000
20191008,03,02,12662,11091,31427272,10118173,20191008000000
20191008,02,02,5008,6730,13754472,5716089,20191008000000
20191008,01,08,7520,14186,33934752,15246692,20191008000000
20191008,04,08,1504,1914,6417568,2455277,20191008000000
20191008,88,00,11460,11784,48208945,28051101,20191008000000
20191008,03,10,1230,867,2043584,808651,20191008000000
20191008,88,07,4500,6387,18127830,13969978,20191008000000
20191008,00,* ,0,216,0,100873,20191008000000
20191008,88,02,3996,4958,6420190,3000057,20191008000000
20191008,02,08,1504,519,3113280,549383,20191008000000
20191008,C1,98,2528,1071,0,0,20191008000000
20191008,04,02,9592,15114,38823568,15109137,20191008000000
20191009,8B,00,5730,2677,21320375,5287707,20191009000000
20191009,05,04,1052,907,1673732,696438,20191009000000
20191009,C1,98,2528,1321,0,0,20191009000000
20191009,03,08,4512,5306,16891424,6118397,20191009000000
20191009,88,00,11460,7493,48518775,17823843,20191009000000
20191009,01,08,8272,16918,37340560,19325675,20191009000000
20191009,8B,07,8320,7895,30979435,16714949,20191009000000
20191009,04,01,1112,1251,4098404,3166544,20191009000000
20191009,88,07,4570,4779,18937260,11573346,20191009000000
20191009,01,07,2320,3258,9619450,7822613,20191009000000
20191009,8B,02,2254,556,870044,194105,20191009000000
20191009,N1,10,14760,12788,32944320,21843080,20191009000000
20191009,04,00,13370,10428,51222380,24402122,20191009000000
20191009,01,10,2460,2748,10329130,7034700,20191009000000
20191009,14,09,18522,19595,18151560,15246830,20191009000000
20191009,04,07,6105,7578,24460820,17522345,20191009000000
20191009,03,07,10980,9984,36784355,21790913,20191009000000
20191009,88,02,3996,5604,6420190,3856203,20191009000000
20191009,03,04,1052,2694,3746172,2772360,20191009000000
20191009,01,02,23920,52843,91463920,52215710,20191009000000
20191009,02,01,400,341,1012400,491419,20191009000000
20191009,03,10,1230,450,1951600,518054,20191009000000
20191009,88,01,436,521,1120084,979061,20191009000000
20191009,04,02,11176,18232,43575568,23024186,20191009000000
20191009,03,02,13658,9851,33932212,12106790,20191009000000
20191009,03,00,24830,12162,86868710,29468336,20191009000000
20191009,30,02,1416,580,1631232,305278,20191009000000
20191009,02,08,1504,804,3113280,900896,20191009000000
20191009,60,01,1536,599,746974,150395,20191009000000
20191009,83,02,1288,76,1458016,26017,20191009000000
20191009,75,02,6500,8637,11718250,4970836,20191009000000
20191009,01,00,92635,68840,377663345,171414547,20191009000000
20191009,01,04,1578,2575,2526904,2048521,20191009000000
20191009,65,02,3312,6614,11539008,6780323,20191009000000
20191009,05,02,4328,5209,9430104,3996326,20191009000000
20191009,08,02,7720,12681,20379072,11862130,20191009000000
20191009,04,08,1504,2034,6417568,3009313,20191009000000
20191009,60,02,1592,2258,6182968,1838316,20191009000000
20191009,02,02,5008,6924,13754472,6769274,20191009000000
20191009,08,01,4788,5179,11864664,5304072,20191009000000
20191010,03,10,1230,837,2092976,782412,20191010000000
20191010,75,02,6500,6009,11718250,2931015,20191010000000
20191010,00,* ,0,212,0,98933,20191010000000
20191010,01,02,25504,60242,93804928,48619365,20191010000000
20191010,04,08,1504,1474,6417568,1857270,20191010000000
20191010,02,01,400,84,1012400,92440,20191010000000
20191010,30,02,1416,595,1631232,288039,20191010000000
20191010,03,04,1052,2497,3746172,2133087,20191010000000
20191010,01,00,88815,81624,357666311,196014012,20191010000000
20191010,02,08,1504,449,3113280,448791,20191010000000
20191010,88,01,436,275,1120084,347737,20191010000000
20191010,05,02,4328,6418,9430104,3396240,20191010000000
20191010,11,01,272,7,161024,3920,20191010000000
20191010,05,04,1052,721,1673732,498925,20191010000000
20191010,01,07,2250,3243,9211788,7665786,20191010000000
20191010,N1,10,14760,10426,32944320,16953273,20191010000000
20191010,04,02,9592,14958,38823568,14030671,20191010000000
20191010,03,08,4512,4737,16891424,4730650,20191010000000
20191010,04,00,11332,10406,45758717,23645260,20191010000000
20191010,65,02,3312,5070,11539008,5045603,20191010000000
20191010,C1,98,2528,976,0,0,20191010000000
20191010,60,01,1536,279,746974,84161,20191010000000
20191010,8B,07,8320,10075,30456006,19791947,20191010000000
20191010,8B,02,2254,236,870044,72012,20191010000000
20191010,02,02,5008,6052,13754472,5151056,20191010000000
20191010,88,07,4640,6297,18653928,14330274,20191010000000
20191010,08,01,5464,4791,13402564,5168177,20191010000000
20191010,83,02,1288,189,1458016,50743,20191010000000
20191010,14,09,12348,14749,18843440,9196040,20191010000000
20191010,03,02,14670,11452,37684984,10373290,20191010000000
20191010,04,01,436,298,1874364,492741,20191010000000
20191010,8B,00,5730,4355,21091223,8945438,20191010000000
20191010,88,00,11460,10348,48272145,25259667,20191010000000
20191010,01,04,1578,2913,2526904,1738817,20191010000000
20191010,08,02,7720,13164,20379072,9843383,20191010000000
20191010,03,07,10945,11823,36114668,23938480,20191010000000
20191010,88,02,3996,3990,6420190,2509151,20191010000000
20191010,01,08,7520,11935,33934752,13470778,20191010000000
20191010,60,02,1592,1315,6182968,1078566,20191010000000
20191010,03,00,22920,14974,80226677,35214072,20191010000000
20191010,01,10,2460,3266,10195562,7877339,20191010000000
20191010,04,07,6105,7027,23936407,16543653,20191010000000
20191011,03,07,10500,9050,36074925,17800686,20191011000000
20191011,04,02,9592,18893,38823568,20813180,20191011000000
20191011,88,07,6820,8104,27989444,17532043,20191011000000
20191011,8B,02,2254,262,870044,80514,20191011000000
20191011,88,02,3996,4559,6420190,2778730,20191011000000
20191011,88,10,820,1569,3572172,3356044,20191011000000
20191011,03,02,13510,15561,35358760,15840790,20191011000000
20191011,04,08,1504,2805,6417568,3875133,20191011000000
20191011,8B,07,6785,7792,24860262,14778668,20191011000000
20191011,83,02,1674,116,1864088,27734,20191011000000
20191011,75,02,6500,4978,11718250,2227884,20191011000000
20191011,00,* ,0,538,0,242929,20191011000000
20191011,08,02,7720,13445,20379072,10191868,20191011000000
20191011,01,00,108870,104191,443470565,252678606,20191011000000
20191011,04,07,6375,6223,25032870,13590666,20191011000000
20191011,03,08,4512,5942,16891424,7021420,20191011000000
20191011,04,01,436,0,1874364,0,20191011000000
20191011,01,08,7520,20353,34095444,24129007,20191011000000
20191011,60,02,1856,2406,7491880,2520024,20191011000000
20191011,03,04,1052,2057,3746172,1722964,20191011000000
20191011,88,01,436,0,1120084,0,20191011000000
20191011,N1,10,19680,12125,42896040,20134955,20191011000000
20191011,60,01,1536,0,746974,0,20191011000000
20191011,11,01,272,0,161024,0,20191011000000
20191011,8B,00,7640,9537,28265159,20032863,20191011000000
20191011,88,00,11460,10471,48386917,24686927,20191011000000
20191011,C1,98,2528,912,0,0,20191011000000
20191011,01,07,3000,2410,12344650,5151862,20191011000000
20191011,01,02,25890,69782,93941958,59541582,20191011000000
20191011,03,00,28522,23420,92940267,53407280,20191011000000
20191011,04,00,13242,14757,50705852,32190055,20191011000000
20191011,14,09,12348,13951,16981440,8867548,20191011000000
20191011,08,01,4788,5470,11864664,4979034,20191011000000
20191011,8B,10,820,624,2971584,1257070,20191011000000
20191011,02,01,400,221,1012400,379408,20191011000000
20191011,02,02,5008,7026,13754472,6024424,20191011000000
20191011,05,02,4328,6639,9430104,3628718,20191011000000
20191011,05,04,1052,578,1673732,413909,20191011000000
20191011,02,08,1504,10,3113280,4311,20191011000000
20191011,65,02,3312,5374,11539008,5282688,20191011000000
20191011,30,02,1416,401,1631232,209580,20191011000000
20191011,01,04,1578,2781,2526904,1694032,20191011000000
20191012,14,09,20580,18040,20168400,14298736,20191012000000
20191012,88,07,6925,6903,28949715,16356672,20191012000000
20191012,01,07,3532,1506,14665952,3138519,20191012000000
20191012,05,02,4328,3260,9430104,2612488,20191012000000
20191012,05,04,1052,515,1673732,405071,20191012000000
20191012,8B,02,2254,279,870044,90517,20191012000000
20191012,8B,10,820,2,3030720,5734,20191012000000
20191012,03,07,10535,8528,35980055,18529563,20191012000000
20191012,03,08,4512,7174,16891424,8789218,20191012000000
20191012,30,02,1802,296,2584652,158992,20191012000000
20191012,75,02,6500,4768,11718250,2430635,20191012000000
20191012,08,02,7720,12834,20379072,11068361,20191012000000
20191012,8B,00,7640,11312,28379735,24316479,20191012000000
20191012,60,01,1988,5,986082,673,20191012000000
20191012,03,00,28522,23747,92617949,56767310,20191012000000
20191012,83,02,1288,51,1458016,17533,20191012000000
20191012,88,02,3996,5111,6420190,3620014,20191012000000
20191012,60,02,2120,3270,8800792,3093220,20191012000000
20191012,01,04,1578,2270,2526904,1756900,20191012000000
20191012,02,02,5008,6264,13754472,6161829,20191012000000
20191012,04,08,1504,3763,6417568,5349696,20191012000000
20191012,04,07,7500,8433,30102375,18943894,20191012000000
20191012,03,04,1052,1807,3746172,2033553,20191012000000
20191012,8B,07,6855,6958,25564795,14454959,20191012000000
20191012,01,01,398,629,1583244,697093,20191012000000
20191012,00,* ,0,50,0,13614,20191012000000
20191012,C1,98,2528,1129,0,0,20191012000000
20191012,11,01,272,0,161024,0,20191012000000
20191012,01,08,8272,28185,37340560,32567507,20191012000000
20191012,01,00,110780,104602,453498940,263185218,20191012000000
20191012,08,01,4788,7010,11864664,6607868,20191012000000
20191012,88,00,11460,10910,48518775,25599698,20191012000000
20191012,04,01,436,0,1874364,0,20191012000000
20191012,03,02,13510,17227,35358760,18773496,20191012000000
20191012,04,02,9592,18083,38823568,20297435,20191012000000
20191012,88,10,820,1366,3643260,2803572,20191012000000
20191012,N1,10,21320,14565,46543200,25297684,20191012000000
20191012,04,00,13242,13541,50709420,30988199,20191012000000
20191012,01,02,23920,67622,91463920,64541314,20191012000000
20191012,02,08,1504,15,3113280,21766,20191012000000
20191012,88,01,436,2,1120084,4082,20191012000000
20191012,02,01,400,421,1012400,821741,20191012000000
20191012,65,02,3312,5867,11539008,5884909,20191012000000
20191013,8B,07,6820,6449,25435435,13686602,20191013000000
20191013,88,00,11460,10181,48518775,24464563,20191013000000
20191013,60,01,1988,0,986082,0,20191013000000
20191013,01,04,1578,1981,2526904,1625596,20191013000000
20191013,00,* ,0,56,0,15591,20191013000000
20191013,01,07,3602,1721,14952777,3558337,20191013000000
20191013,60,02,1856,2858,7491880,2444971,20191013000000
20191013,04,07,7125,7058,28633500,16539661,20191013000000
20191013,83,02,1288,57,1458016,18028,20191013000000
20191013,30,02,1802,367,2584652,196668,20191013000000
20191013,03,08,4512,6984,16891424,8523398,20191013000000
20191013,01,00,108870,95546,446525390,248562973,20191013000000
20191013,N1,10,21320,13305,46543200,23443090,20191013000000
20191013,88,01,436,1,1120084,2041,20191013000000
20191013,08,02,7720,12012,20379072,10454749,20191013000000
20191013,03,02,13510,15480,35358760,17625024,20191013000000
20191013,05,04,1052,610,1673732,458743,20191013000000
20191013,8B,02,2254,356,870044,117936,20191013000000
20191013,05,02,4328,3484,9430104,2585253,20191013000000
20191013,8B,10,820,0,3030720,0,20191013000000
20191013,65,02,3312,5384,11539008,5856874,20191013000000
20191013,02,02,5008,5973,13754472,6015928,20191013000000
20191013,01,08,8272,25329,37340560,31305067,20191013000000
20191013,01,02,25648,62086,93841648,62952161,20191013000000
20191013,03,00,28522,21296,93858466,50714623,20191013000000
20191013,C1,98,2528,1135,0,0,20191013000000
20191013,04,02,9592,16787,38823568,20288672,20191013000000
20191013,08,01,4788,6244,11864664,6101056,20191013000000
20191013,03,07,10535,7230,36797230,15890690,20191013000000
20191013,04,08,1504,3279,6417568,5224251,20191013000000
20191013,8B,00,7640,9694,28379735,20785542,20191013000000
20191013,88,02,3996,4736,6420190,3362416,20191013000000
20191013,03,04,1052,1449,3746172,1706825,20191013000000
20191013,14,09,18522,15506,18151560,12448492,20191013000000
20191013,02,08,1504,0,3113280,0,20191013000000
20191013,04,01,436,0,1874364,0,20191013000000
20191013,04,00,13242,11587,50709420,28105861,20191013000000
20191013,88,10,820,1678,3643260,3521038,20191013000000
20191013,88,07,6855,6339,28702510,14668521,20191013000000
20191013,11,01,272,0,161024,0,20191013000000
20191013,75,02,6500,4732,11718250,2451969,20191013000000
20191013,01,01,398,578,1583244,592815,20191013000000
20191013,02,01,400,278,1012400,467399,20191013000000
20191014,01,04,1578,2344,2526904,1367145,20191014000000
20191014,01,10,2460,264,10195562,131565,20191014000000
20191014,01,07,2250,1321,9207465,2590404,20191014000000
20191014,83,02,1288,103,1458016,24457,20191014000000
20191014,04,07,6035,6311,23677885,14318220,20191014000000
20191014,88,07,4535,6375,18265563,13715751,20191014000000
20191014,8B,00,5730,5329,21024695,10876065,20191014000000
20191014,04,02,9592,11875,38823568,12140494,20191014000000
20191014,75,02,6500,4470,11718250,1990204,20191014000000
20191014,30,02,1416,331,1631232,165584,20191014000000
20191014,01,02,25504,55620,93804928,44486327,20191014000000
20191014,02,02,5008,4719,13754472,4056405,20191014000000
20191014,8B,02,2254,259,870044,78902,20191014000000
20191014,C1,98,2528,969,0,0,20191014000000
20191014,88,00,11460,7345,48208945,17804129,20191014000000
20191014,03,08,4512,5412,16891424,5471890,20191014000000
20191014,04,08,1504,781,6417568,855082,20191014000000
20191014,01,08,7520,15254,33934752,17074179,20191014000000
20191014,05,04,1052,435,1673732,296157,20191014000000
20191014,03,02,12654,12997,31611352,12232423,20191014000000
20191014,03,10,1230,518,2092976,414088,20191014000000
20191014,N1,10,14760,8943,32872896,14523852,20191014000000
20191014,60,01,904,0,478216,0,20191014000000
20191014,8B,07,8250,9489,30212070,18253419,20191014000000
20191014,02,08,1504,260,3113280,291419,20191014000000
20191014,04,00,11332,10037,45824285,23227242,20191014000000
20191014,08,01,4280,3501,10605840,3138410,20191014000000
20191014,00,* ,0,288,0,130958,20191014000000
20191014,14,09,12348,14562,15070440,8980295,20191014000000
20191014,65,02,3312,4301,11539008,4414991,20191014000000
20191014,03,07,11050,9637,36657149,19836319,20191014000000
20191014,60,02,1592,1202,6182968,926091,20191014000000
20191014,88,02,3996,3377,6420190,2083397,20191014000000
20191014,03,00,22920,13688,80300549,31119720,20191014000000
20191014,02,01,218,0,586202,0,20191014000000
20191014,01,00,90597,78138,367799596,186820754,20191014000000
20191014,03,04,1052,1810,3746172,1524979,20191014000000
20191014,08,02,7720,12221,20379072,9023320,20191014000000
20191014,05,02,4328,5534,9430104,2721628,20191014000000
20191015,83,02,1288,98,1458016,23590,20191015000000
20191015,04,02,9592,13473,38823568,12516265,20191015000000
20191015,8B,00,5730,3610,21091223,7193084,20191015000000
20191015,8B,07,8320,9343,30470790,18212836,20191015000000
20191015,60,01,1220,266,565748,72970,20191015000000
20191015,03,10,1230,648,1986848,557687,20191015000000
20191015,65,02,3312,4627,11539008,4581304,20191015000000
20191015,02,08,1504,404,3113280,468761,20191015000000
20191015,01,02,25504,55085,93433900,41137599,20191015000000
20191015,03,00,22920,12650,80226677,28937299,20191015000000
20191015,08,02,7720,13127,20379072,9697393,20191015000000
20191015,01,08,7520,11162,33934752,12005892,20191015000000
20191015,75,02,6500,5158,11718250,2487812,20191015000000
20191015,01,07,2250,3170,9207465,7318056,20191015000000
20191015,N1,10,14760,9049,32944320,14494628,20191015000000
20191015,88,02,3996,3641,6420190,2285289,20191015000000
20191015,03,02,13806,10512,34705624,9181541,20191015000000
20191015,01,10,2460,2875,10195562,6916616,20191015000000
20191015,05,04,1052,611,1673732,420338,20191015000000
20191015,03,07,11085,10854,36374218,22046036,20191015000000
20191015,88,00,11460,9725,48208945,23106261,20191015000000
20191015,01,01,398,165,1583244,255176,20191015000000
20191015,30,02,1416,661,1631232,343721,20191015000000
20191015,04,00,11332,9725,45512837,21896971,20191015000000
20191015,8B,02,2254,195,870044,57486,20191015000000
20191015,88,07,4535,5812,18265563,12770617,20191015000000
20191015,04,07,6175,6706,24209115,16116925,20191015000000
20191015,01,04,1578,2723,2526904,1520693,20191015000000
20191015,04,08,1504,1500,6417568,1979883,20191015000000
20191015,00,* ,0,204,0,89883,20191015000000
20191015,14,09,12348,14556,14482440,9042908,20191015000000
20191015,01,00,88687,72529,357123691,170573977,20191015000000
20191015,60,02,1592,1277,6182968,852367,20191015000000
20191015,88,01,338,277,1688986,1384169,20191015000000
20191015,08,01,4280,3915,10605840,3393981,20191015000000
20191015,02,02,6004,6765,16127940,7180253,20191015000000
20191015,03,08,4512,4221,16891424,3986368,20191015000000
20191015,03,04,1052,2443,3746172,2111070,20191015000000
20191015,C1,98,2528,845,0,0,20191015000000
20191015,05,02,4328,5765,9430104,2696858,20191015000000
20191016,14,09,12348,14004,17324440,8507447,20191016000000
20191016,N1,10,14760,9713,32837184,15939466,20191016000000
20191016,01,02,26186,57876,96314068,45947433,20191016000000
20191016,30,02,1416,513,1631232,254243,20191016000000
20191016,04,08,1504,1491,6417568,1813708,20191016000000
20191016,88,02,3996,3595,6420190,2195404,20191016000000
20191016,83,02,1288,379,1458016,161250,20191016000000
20191016,01,10,2460,3003,10195562,7515235,20191016000000
20191016,03,08,4512,4260,16891424,4131788,20191016000000
20191016,03,10,1230,683,1986848,613722,20191016000000
20191016,05,02,4328,5941,9430104,2935134,20191016000000
20191016,65,02,3312,4546,11539008,4561952,20191016000000
20191016,04,02,9592,13579,38823568,12315624,20191016000000
20191016,8B,02,2254,217,870044,65552,20191016000000
20191016,02,08,1504,356,3113280,386815,20191016000000
20191016,00,* ,0,204,0,89883,20191016000000
20191016,01,08,7520,11375,33934752,12292618,20191016000000
20191016,03,02,12654,10810,31611352,9722286,20191016000000
20191016,08,02,7720,12961,20379072,9511372,20191016000000
20191016,02,02,5008,6226,13754472,5622552,20191016000000
20191016,03,07,11050,11258,36212494,23026272,20191016000000
20191016,01,00,88687,78619,357123691,190299490,20191016000000
20191016,60,01,1536,571,746974,149533,20191016000000
20191016,01,01,826,554,3296100,1799969,20191016000000
20191016,01,07,2320,3357,9494290,7779543,20191016000000
20191016,08,01,4788,4296,11864664,3900722,20191016000000
20191016,8B,07,8390,10303,30719345,20355680,20191016000000
20191016,04,07,6000,6660,23540790,16090499,20191016000000
20191016,04,00,11332,10303,45512837,24149734,20191016000000
20191016,05,04,1052,677,1673732,452392,20191016000000
20191016,03,00,22920,13886,80226677,32190667,20191016000000
20191016,60,02,1592,1387,6182968,1172135,20191016000000
20191016,01,04,1578,2670,2526904,1483396,20191016000000
20191016,C1,98,2528,842,0,0,20191016000000
20191016,11,01,272,0,161024,0,20191016000000
20191016,88,07,4500,5879,18127830,13390198,20191016000000
20191016,03,04,1052,2353,3746172,1934778,20191016000000
20191016,88,00,11460,11212,48208945,27776351,20191016000000
20191016,02,01,400,121,1012400,168697,20191016000000
20191016,88,01,436,167,1120084,222094,20191016000000
20191016,8B,00,5730,3987,21091223,8061538,20191016000000
20191016,04,01,436,243,1874364,341749,20191016000000
20191016,75,02,6500,5339,11718250,2667141,20191016000000
20191017,14,09,12348,14591,15266440,9014907,20191017000000
20191017,01,07,2250,3413,9207465,7963854,20191017000000
20191017,04,07,6105,7056,23936407,16969314,20191017000000
20191017,03,08,4512,4882,16891424,5068817,20191017000000
20191017,02,01,400,307,1012400,588566,20191017000000
20191017,01,02,25504,60491,93557576,47470369,20191017000000
20191017,03,00,22920,15836,80226677,37683868,20191017000000
20191017,01,04,1578,2872,2526904,1634873,20191017000000
20191017,88,00,11460,11487,48272145,28167984,20191017000000
20191017,75,02,6500,9062,11718250,4711041,20191017000000
20191017,00,* ,0,204,0,89883,20191017000000
20191017,03,10,1230,703,1986848,636751,20191017000000
20191017,01,10,2460,3129,10195562,7920052,20191017000000
20191017,04,01,436,271,1874364,348275,20191017000000
20191017,60,01,1536,545,746974,180990,20191017000000
20191017,02,08,1504,517,3113280,564300,20191017000000
20191017,05,02,4328,6946,9430104,3646940,20191017000000
20191017,04,00,11332,10435,45512837,24308927,20191017000000
20191017,04,08,1504,1520,6417568,1856353,20191017000000
20191017,65,02,3312,5322,11539008,5243490,20191017000000
20191017,88,02,4318,4085,7113456,2976167,20191017000000
20191017,8B,00,5730,4375,21091223,8982895,20191017000000
20191017,03,07,11015,11901,36138156,23938752,20191017000000
20191017,30,02,1416,600,1631232,287383,20191017000000
20191017,88,01,1112,904,2388260,1549050,20191017000000
20191017,08,02,7720,13357,20379072,10128062,20191017000000
20191017,83,02,1288,715,1458016,290493,20191017000000
20191017,88,07,4570,6078,18388013,13566277,20191017000000
20191017,01,08,7520,12399,33934752,13787868,20191017000000
20191017,11,01,272,0,161024,0,20191017000000
20191017,02,02,5008,6838,13754472,6261725,20191017000000
20191017,08,01,4788,4494,11864664,4087535,20191017000000
20191017,03,02,14238,11700,36574744,10772533,20191017000000
20191017,8B,02,2254,375,870044,124157,20191017000000
20191017,N1,10,14760,10870,32908608,17744975,20191017000000
20191017,01,01,398,189,1583244,231471,20191017000000
20191017,04,02,9592,15493,38823568,14605851,20191017000000
20191017,C1,98,2528,928,0,0,20191017000000
20191017,03,04,1052,2600,3746172,2247915,20191017000000
20191017,05,04,1052,877,1673732,635980,20191017000000
20191017,01,00,88687,81172,357265607,195154826,20191017000000
20191017,60,02,1592,1849,6182968,1864268,20191017000000
20191017,8B,07,8250,10345,30212070,20479785,20191017000000
20191018,8B,02,2254,411,870044,137933,20191018000000
20191018,88,10,820,1419,3616602,3174373,20191018000000
20191018,05,02,4328,8902,9430104,5448288,20191018000000
20191018,C1,98,2528,1068,0,0,20191018000000
20191018,14,09,12348,17968,17422440,11861383,20191018000000
20191018,75,02,6500,10035,11718250,5426004,20191018000000
20191018,65,02,3384,6280,11789856,7013906,20191018000000
20191018,03,08,4512,7306,16891424,8825286,20191018000000
20191018,01,07,3070,4627,12631475,10848233,20191018000000
20191018,08,01,4788,6694,11864664,6145827,20191018000000
20191018,60,01,1536,506,746974,144730,20191018000000
20191018,02,02,4720,8761,12377256,8384178,20191018000000
20191018,00,* ,0,370,0,162352,20191018000000
20191018,04,08,1504,2641,6417568,3740734,20191018000000
20191018,60,02,1856,2784,7491880,3354220,20191018000000
20191018,02,08,1504,899,3113280,860147,20191018000000
20191018,N1,10,19680,15663,43143480,26228367,20191018000000
20191018,01,08,7520,17433,33934752,21494548,20191018000000
20191018,04,01,436,601,1874364,1092049,20191018000000
20191018,88,01,436,319,1120084,400298,20191018000000
20191018,05,04,1052,1355,1673732,937735,20191018000000
20191018,88,02,3996,4899,6420190,3176932,20191018000000
20191018,88,00,11460,13358,48356075,31544207,20191018000000
20191018,8B,00,7640,7932,28246679,16949812,20191018000000
20191018,04,02,9592,23033,38823568,25687218,20191018000000
20191018,04,07,6410,9137,25231867,21204472,20191018000000
20191018,04,00,13242,15256,50622987,35271456,20191018000000
20191018,08,02,7720,17377,20379072,13661529,20191018000000
20191018,30,02,1416,870,1631232,433946,20191018000000
20191018,03,04,1052,3273,3746172,2959459,20191018000000
20191018,88,07,6855,9939,28156238,22255538,20191018000000
20191018,8B,10,820,518,2971584,1143675,20191018000000
20191018,83,02,1674,1181,1864088,535053,20191018000000
20191018,01,00,108870,122322,442963780,305533203,20191018000000
20191018,03,07,10500,12635,36714739,25336900,20191018000000
20191018,8B,07,6890,10805,25306195,21300518,20191018000000
20191018,03,00,28522,26023,92819597,59981369,20191018000000
20191018,03,02,13510,16914,35144000,17613943,20191018000000
20191018,01,02,26966,78046,96077746,70530680,20191018000000
20191018,02,01,738,481,2246100,1261785,20191018000000
20191018,01,04,1578,3398,2526904,2149735,20191018000000
20191018,01,01,826,644,3296100,1827791,20191018000000
20191018,11,01,272,0,161024,0,20191018000000
20191019,N1,10,21320,20527,46543200,35410995,20191019000000
20191019,14,09,20580,25933,20168400,20030134,20191019000000
20191019,8B,07,6820,9783,25435435,20691293,20191019000000
20191019,8B,02,2254,526,870044,183738,20191019000000
20191019,08,01,4788,8465,11877054,8486081,20191019000000
20191019,65,02,3312,7448,11539008,7816494,20191019000000
20191019,04,01,1112,1264,3891886,3139006,20191019000000
20191019,03,07,10570,13726,36161950,29344696,20191019000000
20191019,75,02,6500,14366,11718250,8454263,20191019000000
20191019,30,02,1802,1319,2584652,996299,20191019000000
20191019,08,02,7720,18017,20379072,15910478,20191019000000
20191019,05,04,1052,1273,1673732,1041199,20191019000000
20191019,01,01,398,563,1583244,1053151,20191019000000
20191019,03,04,1052,3297,3746172,3490839,20191019000000
20191019,02,08,1504,1082,3113280,1241283,20191019000000
20191019,01,08,8272,24798,37340560,30105165,20191019000000
20191019,01,04,1578,3063,2526904,2317258,20191019000000
20191019,11,01,272,0,161024,0,20191019000000
20191019,01,00,110780,125955,453498940,319537459,20191019000000
20191019,60,01,1988,643,986082,187113,20191019000000
20191019,03,02,14374,19324,39406544,24342359,20191019000000
20191019,05,02,4760,7332,10838856,6271929,20191019000000
20191019,88,02,3996,5677,6420190,4106807,20191019000000
20191019,C1,98,2528,1218,0,0,20191019000000
20191019,88,01,436,437,1120084,603879,20191019000000
20191019,00,* ,0,38,0,9627,20191019000000
20191019,8B,00,7640,9204,28379735,19993767,20191019000000
20191019,01,07,3820,6126,15878950,14426343,20191019000000
20191019,04,02,9592,23558,38823568,26829739,20191019000000
20191019,03,08,4512,9025,16891424,11433486,20191019000000
20191019,03,00,28522,27284,92617949,66240670,20191019000000
20191019,04,07,7640,11353,30669760,26231715,20191019000000
20191019,04,00,13242,16310,50709420,38295529,20191019000000
20191019,8B,10,820,771,3030720,1662841,20191019000000
20191019,04,08,1504,3150,6417568,5022086,20191019000000
20191019,83,02,1288,1283,1458016,638800,20191019000000
20191019,02,01,400,378,1012400,708928,20191019000000
20191019,02,02,5506,9847,15695178,10245092,20191019000000
20191019,88,10,820,1105,3643260,2463158,20191019000000
20191019,88,07,6820,9713,28529750,22646135,20191019000000
20191019,88,00,11460,13095,48518775,30077908,20191019000000
20191019,01,02,26944,88182,97457116,89409964,20191019000000
20191019,60,02,2120,4729,8800792,5185515,20191019000000
20191020,04,08,1504,2406,6417568,3917898,20191020000000
20191020,C1,98,2528,1330,0,0,20191020000000
20191020,8B,07,6855,9624,25564795,21206433,20191020000000
20191020,03,01,1532,800,3883568,1778400,20191020000000
20191020,88,07,6925,9160,28949715,21521173,20191020000000
20191020,8B,00,7640,7595,28379735,16657350,20191020000000
20191020,02,02,5506,9012,15695178,9734779,20191020000000
20191020,N1,10,21320,17459,46543200,30833034,20191020000000
20191020,11,01,272,0,161024,0,20191020000000
20191020,03,02,13510,15234,35358760,17908764,20191020000000
20191020,8B,10,820,456,3030720,968003,20191020000000
20191020,02,01,400,400,1012400,643130,20191020000000
20191020,04,07,7160,9821,28776930,23757279,20191020000000
20191020,01,01,398,477,1583244,857751,20191020000000
20191020,83,02,1288,1255,1458016,608527,20191020000000
20191020,05,04,1052,1211,1673732,962074,20191020000000
20191020,04,00,13242,14213,50709420,34238229,20191020000000
20191020,60,02,1856,4154,7491880,4320654,20191020000000
20191020,88,10,820,1319,3643260,3239816,20191020000000
20191020,04,02,9592,21718,38823568,26525289,20191020000000
20191020,08,01,4788,7126,11864664,7406115,20191020000000
20191020,03,07,10570,11828,37266317,26161395,20191020000000
20191020,88,01,436,467,1120084,779554,20191020000000
20191020,75,02,6500,13747,11718250,8242652,20191020000000
20191020,14,09,18522,22139,18151560,17513602,20191020000000
20191020,00,* ,0,42,0,11091,20191020000000
20191020,30,02,1802,1380,2584652,1080156,20191020000000
20191020,01,04,1578,2776,2526904,2118113,20191020000000
20191020,60,01,1988,611,986082,166321,20191020000000
20191020,02,08,1504,1051,3113280,1215706,20191020000000
20191020,01,08,8272,21158,37340560,28151701,20191020000000
20191020,88,02,3996,5559,6420190,3999747,20191020000000
20191020,03,08,4512,7921,16891424,10707238,20191020000000
20191020,65,02,3312,6517,11539008,7273858,20191020000000
20191020,01,02,24784,74703,93298808,76632472,20191020000000
20191020,03,00,28522,24199,93858466,57902064,20191020000000
20191020,88,00,11460,12944,48518775,31223616,20191020000000
20191020,08,02,9448,17811,22990080,17046219,20191020000000
20191020,01,00,108870,112457,446525390,295473662,20191020000000
20191020,04,01,436,553,1874364,1022533,20191020000000
20191020,05,02,4328,6805,9430104,5407891,20191020000000
20191020,03,04,1052,3016,3746172,3405794,20191020000000
20191020,01,07,3820,5778,15878950,14119022,20191020000000
20191020,8B,02,2254,518,870044,179125,20191020000000
20191021,03,07,10980,11562,36238262,23931859,20191021000000
20191021,04,07,6105,6808,23920739,16510025,20191021000000
20191021,60,02,1592,1756,6182968,1907258,20191021000000
20191021,8B,02,2254,340,870044,109397,20191021000000
20191021,01,04,1578,2857,2526904,1705373,20191021000000
20191021,08,02,7720,13938,20379072,10610428,20191021000000
20191021,04,00,11332,10001,45824285,22658637,20191021000000
20191021,88,02,3996,3841,6420190,2475774,20191021000000
20191021,03,02,12654,11628,31611352,10926175,20191021000000
20191021,14,09,12348,15500,18990440,9764525,20191021000000
20191021,01,00,90597,78417,368091776,189639350,20191021000000
20191021,83,02,1288,840,1458016,339197,20191021000000
20191021,01,10,2460,3135,10195562,7728693,20191021000000
20191021,N1,10,14760,10630,32872896,17321618,20191021000000
20191021,88,07,4535,6069,18265563,13429118,20191021000000
20191021,60,01,904,0,478216,0,20191021000000
20191021,02,08,1504,387,3113280,434943,20191021000000
20191021,04,01,676,541,2343016,1875106,20191021000000
20191021,03,04,1052,2519,3746172,2218778,20191021000000
20191021,8B,00,5730,4091,21024695,8472518,20191021000000
20191021,03,00,22920,14084,80300549,32616060,20191021000000
20191021,02,02,5008,6704,13754472,6395053,20191021000000
20191021,05,02,4328,6263,9430104,3205125,20191021000000
20191021,00,* ,0,260,0,115954,20191021000000
20191021,8B,07,8355,10040,30578897,20076523,20191021000000
20191021,04,02,9592,14458,38823568,14186838,20191021000000
20191021,01,08,7520,12219,33934752,14088755,20191021000000
20191021,08,01,4280,4333,10605840,3858212,20191021000000
20191021,01,02,25504,60528,93433900,49058584,20191021000000
20191021,04,08,1504,1655,6417568,2168732,20191021000000
20191021,75,02,6500,8892,11718250,4776005,20191021000000
20191021,88,00,11460,9330,48208945,22979128,20191021000000
20191021,65,02,3312,5116,11539008,5147378,20191021000000
20191021,03,10,1230,840,2092976,773921,20191021000000
20191021,C1,98,2528,1059,0,0,20191021000000
20191021,05,04,1052,784,1673732,561308,20191021000000
20191021,01,07,2390,3363,9758309,8113235,20191021000000
20191021,03,08,4512,4893,16891424,5142973,20191021000000
20191021,30,02,1416,571,1631232,285569,20191021000000
20191022,05,02,4328,5924,9430104,2853376,20191022000000
20191022,01,00,88815,74464,357524395,177445412,20191022000000
20191022,14,09,12348,14498,18843440,8792649,20191022000000
20191022,03,08,4512,4505,16891424,4926038,20191022000000
20191022,03,02,12654,10549,31511644,8976996,20191022000000
20191022,60,02,1592,1759,6182968,1600955,20191022000000
20191022,04,07,6035,7141,23667828,16958560,20191022000000
20191022,C1,98,2528,811,0,0,20191022000000
20191022,01,10,2460,2986,10195562,7352271,20191022000000
20191022,03,07,11225,11107,36994940,22954925,20191022000000
20191022,08,02,7720,12828,20379072,9485120,20191022000000
20191022,03,10,1230,713,1986848,630189,20191022000000
20191022,08,01,4280,3908,10605840,3407317,20191022000000
20191022,04,01,436,432,1874364,1667520,20191022000000
20191022,01,04,1578,2757,2526904,1528648,20191022000000
20191022,88,02,3996,3558,6420190,2135330,20191022000000
20191022,N1,10,14760,9405,32908608,15294933,20191022000000
20191022,03,04,1052,2295,3746172,1971426,20191022000000
20191022,8B,02,2254,315,870044,98124,20191022000000
20191022,02,02,5508,6731,15526972,7390843,20191022000000
20191022,65,02,3312,4730,11539008,4826801,20191022000000
20191022,01,02,25504,55845,93433900,42001801,20191022000000
20191022,88,07,4605,5767,18531478,12900535,20191022000000
20191022,83,02,1288,849,1458016,324524,20191022000000
20191022,02,01,400,400,1012400,823481,20191022000000
20191022,03,00,22920,13725,80226677,31573743,20191022000000
20191022,30,02,1416,576,1631232,254127,20191022000000
20191022,02,08,1504,393,3113280,459692,20191022000000
20191022,04,08,1504,1512,6417568,1986044,20191022000000
20191022,88,00,11460,10009,48208945,24156743,20191022000000
20191022,60,01,1220,304,565748,82428,20191022000000
20191022,04,00,11332,9875,45512837,22599996,20191022000000
20191022,00,* ,0,188,0,83060,20191022000000
20191022,05,04,1052,592,1673732,405771,20191022000000
20191022,8B,07,8355,9934,30585366,19657572,20191022000000
20191022,01,08,7520,11039,33934752,11963843,20191022000000
20191022,75,02,6540,8609,11853930,4455505,20191022000000
20191022,04,02,9592,13635,38823568,12415935,20191022000000
20191022,01,01,1074,267,3922880,497808,20191022000000
20191022,8B,00,5730,3815,21091223,7617170,20191022000000
20191022,01,07,2250,3233,9207465,7603583,20191022000000
20191023,05,02,4328,6150,9430104,3083424,20191023000000
20191023,88,02,3996,3700,6420190,2306243,20191023000000
20191023,02,02,5872,7237,16032840,7772392,20191023000000
20191023,04,07,6175,6900,24203504,16237987,20191023000000
20191023,8B,00,5730,4390,21091223,8967336,20191023000000
20191023,N1,10,14760,9453,32872896,15278476,20191023000000
20191023,03,00,22920,14619,80226677,34193078,20191023000000
20191023,75,02,6540,8828,11853930,4416769,20191023000000
20191023,03,10,1230,655,1986848,565618,20191023000000
20191023,01,10,2460,3207,10195562,7761350,20191023000000
20191023,88,00,11460,11057,48208945,26762524,20191023000000
20191023,01,07,2320,3438,9487568,7939571,20191023000000
20191023,88,07,4500,5860,18127830,12849547,20191023000000
20191023,04,08,1504,1537,6417568,1861278,20191023000000
20191023,14,09,12348,14679,15374240,9017886,20191023000000
20191023,11,01,272,0,161024,0,20191023000000
20191023,04,00,11460,10378,45916229,24230576,20191023000000
20191023,01,00,88815,79673,357524395,191993465,20191023000000
20191023,01,04,1578,2843,2526904,1565601,20191023000000
20191023,03,02,12654,10483,31411936,9307594,20191023000000
20191023,60,01,1536,527,746974,146590,20191023000000
20191023,03,08,4512,4343,16891424,4306945,20191023000000
20191023,01,02,25504,56209,93557576,41838482,20191023000000
20191023,01,01,736,483,2935920,1372102,20191023000000
20191023,00,* ,0,188,0,83060,20191023000000
20191023,65,02,3312,4784,11539008,4961697,20191023000000
20191023,02,08,1504,441,3113280,490615,20191023000000
20191023,8B,02,2254,373,870044,122397,20191023000000
20191023,60,02,1592,1512,6182968,1508407,20191023000000
20191023,08,01,4788,4120,11864664,3737818,20191023000000
20191023,04,02,9592,13728,38823568,12817607,20191023000000
20191023,88,01,436,103,1120084,110627,20191023000000
20191023,C1,98,2528,910,0,0,20191023000000
20191023,03,04,1052,2355,3746172,2007676,20191023000000
20191023,01,08,7520,11375,33934752,12009488,20191023000000
20191023,04,01,436,306,1874364,499396,20191023000000
20191023,30,02,1416,610,1631232,321567,20191023000000
20191023,05,04,1052,821,1673732,567236,20191023000000
20191023,08,02,7720,12880,20379072,9346422,20191023000000
20191023,8B,07,8320,10451,30441222,20119906,20191023000000
20191023,02,01,400,99,1012400,123544,20191023000000
20191023,83,02,1288,841,1458016,319957,20191023000000
20191023,03,07,11120,11588,36503346,23579043,20191023000000
20191024,01,02,26008,61069,95171272,48724311,20191024000000
20191024,03,10,1230,726,1986848,683623,20191024000000
20191024,04,01,436,317,1874364,485360,20191024000000
20191024,88,00,11460,11791,48272145,29575937,20191024000000
20191024,60,01,1536,565,746974,145157,20191024000000
20191024,83,02,1288,1024,1458016,388981,20191024000000
20191024,04,07,6070,7432,23789255,17603713,20191024000000
20191024,01,01,398,244,1583244,470420,20191024000000
20191024,C1,98,2528,884,0,0,20191024000000
20191024,00,* ,0,188,0,83060,20191024000000
20191024,14,09,12348,15334,15178240,9603209,20191024000000
20191024,8B,00,5730,4980,21091223,10291752,20191024000000
20191024,01,10,2460,3278,10195562,8155034,20191024000000
20191024,04,08,1504,1738,6417568,2305929,20191024000000
20191024,03,00,22920,16817,80226677,39838464,20191024000000
20191024,08,02,7720,14181,20379072,10487824,20191024000000
20191024,03,04,1052,2593,3746172,2285569,20191024000000
20191024,02,08,1504,792,3113280,740371,20191024000000
20191024,03,02,14022,11904,33948628,10942615,20191024000000
20191024,01,08,7520,12688,33934752,14448587,20191024000000
20191024,30,02,1416,652,1631232,329577,20191024000000
20191024,11,01,272,0,161024,0,20191024000000
20191024,8B,07,8390,11259,30705157,22371937,20191024000000
20191024,88,02,3996,3971,6420190,2602171,20191024000000
20191024,65,02,3312,5060,11539008,5285039,20191024000000
20191024,05,04,1052,973,1673732,631202,20191024000000
20191024,05,02,4328,6964,9430104,3716361,20191024000000
20191024,02,02,5008,6933,13754472,6505825,20191024000000
20191024,01,07,2320,3521,9487568,8090078,20191024000000
20191024,04,00,11332,11297,45512837,26362252,20191024000000
20191024,08,01,4788,4935,11864664,4616474,20191024000000
20191024,01,04,1578,2918,2526904,1692075,20191024000000
20191024,01,00,88687,86451,357265607,208092265,20191024000000
20191024,75,02,6540,8932,11853930,4614080,20191024000000
20191024,02,01,1076,714,2650348,1630687,20191024000000
20191024,03,08,4512,5155,16891424,5452759,20191024000000
20191024,03,07,10980,12320,36229585,24891445,20191024000000
20191024,88,07,4640,6254,18659064,14105383,20191024000000
20191024,60,02,1592,1860,6182968,1769189,20191024000000
20191024,88,01,436,180,1120084,206754,20191024000000
20191024,04,02,9592,16911,38823568,16389156,20191024000000
20191024,N1,10,14760,10844,32877360,17864270,20191024000000
20191024,8B,02,2254,286,870044,90112,20191024000000
20191025,83,02,1674,1445,1864088,646872,20191025000000
20191025,03,07,10570,13092,36993704,26058968,20191025000000
20191025,03,04,1052,3388,3746172,3103375,20191025000000
20191025,04,07,6445,9399,25472436,21823301,20191025000000
20191025,01,00,108870,130864,442968029,323876063,20191025000000
20191025,03,08,4512,7980,16891424,10179476,20191025000000
20191025,03,02,13510,17627,35358760,19117245,20191025000000
20191025,8B,02,2254,468,870044,156553,20191025000000
20191025,88,07,6820,10482,28098174,23039166,20191025000000
20191025,03,00,28522,28112,92991162,63951669,20191025000000
20191025,88,01,436,338,1120084,515356,20191025000000
20191025,02,01,400,151,1012400,233713,20191025000000
20191025,01,04,1578,3564,2526904,2300012,20191025000000
20191025,04,00,13242,16559,50648480,37424641,20191025000000
20191025,01,07,3070,4755,12644858,10933011,20191025000000
20191025,65,02,3312,6671,11539008,7476060,20191025000000
20191025,02,02,5008,9731,13754472,9622411,20191025000000
20191025,88,02,3996,5515,6420190,3449597,20191025000000
20191025,30,02,1416,1066,1631232,594528,20191025000000
20191025,04,01,436,544,1874364,1069217,20191025000000
20191025,60,02,1856,3225,7491880,3804909,20191025000000
20191025,08,01,4788,6972,11864664,6361019,20191025000000
20191025,8B,10,820,572,2971584,1253549,20191025000000
20191025,88,10,820,1404,3616602,3270132,20191025000000
20191025,00,* ,0,412,0,185875,20191025000000
20191025,01,08,7520,18984,33934752,23771232,20191025000000
20191025,75,02,6540,12775,11853930,6935279,20191025000000
20191025,01,02,26886,84548,96264630,76887231,20191025000000
20191025,04,02,9592,25469,38823568,28417141,20191025000000
20191025,04,08,1504,3168,6417568,4196656,20191025000000
20191025,8B,07,6925,11369,25476807,22565615,20191025000000
20191025,14,09,12348,18917,17785040,12548839,20191025000000
20191025,88,00,11460,13968,48316575,32849522,20191025000000
20191025,02,08,1504,960,3113280,1011650,20191025000000
20191025,C1,98,2528,1012,0,0,20191025000000
20191025,08,02,7720,18498,20379072,14577575,20191025000000
20191025,N1,10,19680,16528,43110312,27995011,20191025000000
20191025,05,04,1052,1511,1673732,1074725,20191025000000
20191025,11,01,272,0,161024,0,20191025000000
20191025,05,02,4328,9460,9430104,5741960,20191025000000
20191025,8B,00,7640,8585,28209719,18107498,20191025000000
20191025,01,01,736,611,2935920,1651683,20191025000000
20191025,60,01,1536,550,746974,164513,20191025000000
20191026,75,02,6540,15980,11853930,9342836,20191026000000
20191026,03,02,13942,19966,37552456,23580144,20191026000000
20191026,01,07,3532,5878,14665952,14116776,20191026000000
20191026,03,07,10500,14474,35896125,31009173,20191026000000
20191026,02,01,400,418,1012400,766960,20191026000000
20191026,65,02,3312,7854,11539008,8261077,20191026000000
20191026,C1,98,2528,1160,0,0,20191026000000
20191026,8B,07,6820,10462,25435435,22098222,20191026000000
20191026,05,04,1052,1322,1673732,1009145,20191026000000
20191026,01,01,398,707,1583244,1028435,20191026000000
20191026,03,04,1052,3435,3746172,3653733,20191026000000
20191026,83,02,1288,1471,1458016,696149,20191026000000
20191026,00,* ,0,44,0,11061,20191026000000
20191026,01,00,110780,131770,453498940,335953640,20191026000000
20191026,04,08,1504,3341,6417568,5249519,20191026000000
20191026,30,02,1802,1318,2584652,1055522,20191026000000
20191026,04,00,13242,17759,50709420,40328820,20191026000000
20191026,02,02,5716,10583,14597340,12262956,20191026000000
20191026,01,08,8272,25577,37340560,31464442,20191026000000
20191026,01,02,25284,87368,93986268,86461767,20191026000000
20191026,14,09,20580,28757,20168400,22157497,20191026000000
20191026,8B,02,2254,523,870044,179825,20191026000000
20191026,04,07,7675,12093,30801640,27146214,20191026000000
20191026,11,01,272,0,161024,0,20191026000000
20191026,03,08,4512,9789,16891424,12183008,20191026000000
20191026,03,00,28522,29169,92617949,69715685,20191026000000
20191026,08,02,7720,18929,20379072,17049150,20191026000000
20191026,88,01,436,442,1120084,584333,20191026000000
20191026,88,10,820,1122,3643260,2594687,20191026000000
20191026,01,04,1578,3094,2526904,2346563,20191026000000
20191026,08,01,4788,9028,11864664,9125579,20191026000000
20191026,N1,10,21320,20847,46543200,36041094,20191026000000
20191026,8B,00,7640,10125,28379735,22320765,20191026000000
20191026,88,07,6820,10016,28534965,23506079,20191026000000
20191026,60,01,1988,618,986082,170453,20191026000000
20191026,8B,10,820,838,3030720,1924366,20191026000000
20191026,04,01,436,613,1874364,1429744,20191026000000
20191026,02,08,1504,1075,3113280,1278681,20191026000000
20191026,05,02,4328,7635,9430104,5847144,20191026000000
20191026,88,00,11460,14593,48518775,34011509,20191026000000
20191026,04,02,11752,28634,46454560,36022252,20191026000000
20191026,60,02,2120,5156,8800792,5305472,20191026000000
20191026,88,02,3996,5979,6420190,4330155,20191026000000
20191027,03,07,10500,12405,36988697,26927969,20191027000000
20191027,88,02,3996,5893,6420190,4306679,20191027000000
20191027,01,04,1578,3043,2526904,2347602,20191027000000
20191027,01,07,3532,5664,14665952,13777054,20191027000000
20191027,03,01,676,612,2089854,1787682,20191027000000
20191027,05,02,4328,7781,9430104,6306446,20191027000000
20191027,03,04,1052,3293,3746172,3717041,20191027000000
20191027,8B,00,7640,8237,28379735,18255809,20191027000000
20191027,03,02,13942,17951,37552456,23018070,20191027000000
20191027,08,01,4788,7618,11864664,7917282,20191027000000
20191027,88,00,11460,14191,48518775,33980862,20191027000000
20191027,88,10,820,1563,3643260,3501919,20191027000000
20191027,01,08,8272,23649,37340560,31699351,20191027000000
20191027,8B,10,820,595,3030720,1353244,20191027000000
20191027,01,00,108870,125217,446525390,324483882,20191027000000
20191027,14,09,18522,26780,18151560,21258556,20191027000000
20191027,04,07,7300,10614,29328950,25588046,20191027000000
20191027,30,02,1802,1514,2584652,1258470,20191027000000
20191027,C1,98,2528,1196,0,0,20191027000000
20191027,02,01,1256,1281,3314184,3020204,20191027000000
20191027,04,01,436,614,1874364,1133281,20191027000000
20191027,04,00,13242,15456,50709420,36937420,20191027000000
20191027,60,01,1988,613,986082,166503,20191027000000
20191027,60,02,1856,4903,7491880,5264029,20191027000000
20191027,08,02,8716,18279,21967692,17105195,20191027000000
20191027,05,04,1052,1335,1673732,1050968,20191027000000
20191027,02,02,6736,11559,16527912,13492770,20191027000000
20191027,01,02,24564,80456,93081004,84199413,20191027000000
20191027,03,08,4512,8898,16891424,11988598,20191027000000
20191027,8B,02,2254,596,870044,207860,20191027000000
20191027,65,02,3320,7096,11566880,7852435,20191027000000
20191027,02,08,1504,1264,3113280,1500382,20191027000000
20191027,N1,10,21320,18936,46543200,33272002,20191027000000
20191027,75,02,6500,15281,11718250,9031594,20191027000000
20191027,83,02,1288,1419,1458016,685397,20191027000000
20191027,88,07,6925,10025,28996265,23225613,20191027000000
20191027,03,00,28522,27457,93858466,64372947,20191027000000
20191027,04,02,9592,24534,38823568,30209401,20191027000000
20191027,01,01,398,655,1583244,851224,20191027000000
20191027,04,08,1504,2802,6417568,4697606,20191027000000
20191027,00,* ,0,46,0,12046,20191027000000
20191027,88,01,436,500,1120084,673492,20191027000000
20191027,8B,07,6750,10099,25171500,22115338,20191027000000
20191027,11,01,272,0,161024,0,20191027000000
20191028,01,02,24928,62430,84367336,51939033,20191028000000
20191028,02,08,1504,522,3113280,634548,20191028000000
20191028,88,07,4640,6368,18663996,14325574,20191028000000
20191028,04,08,1504,1778,6417568,2363390,20191028000000
20191028,03,02,12654,12606,31611352,12276587,20191028000000
20191028,01,04,1578,2949,2526904,1792918,20191028000000
20191028,03,00,22920,15806,80300549,37080634,20191028000000
20191028,8B,07,8320,10373,30470790,20851609,20191028000000
20191028,88,00,11460,9843,48208945,23851795,20191028000000
20191028,N1,10,14760,11241,32944320,18418455,20191028000000
20191028,05,04,1052,896,1673732,621442,20191028000000
20191028,01,00,90597,82469,368091776,200647236,20191028000000
20191028,60,01,904,0,478216,0,20191028000000
20191028,03,08,4512,5161,16891424,5699718,20191028000000
20191028,83,02,1288,920,1458016,364303,20191028000000
20191028,08,02,7720,14353,20379072,10973323,20191028000000
20191028,04,01,338,269,1063010,846005,20191028000000
20191028,00,* ,0,228,0,102383,20191028000000
20191028,05,02,4328,6756,9430104,3676733,20191028000000
20191028,02,02,5008,7453,13754472,7235782,20191028000000
20191028,C1,98,2528,1062,0,0,20191028000000
20191028,8B,00,5730,4480,21024695,9275772,20191028000000
20191028,8B,02,2254,345,870044,114214,20191028000000
20191028,88,01,436,428,418124,410452,20191028000000
20191028,03,07,11015,12387,36308712,25544370,20191028000000
20191028,60,02,1592,2076,6182968,2096742,20191028000000
20191028,88,02,3996,4071,6420190,2650318,20191028000000
20191028,04,00,11332,10820,45824285,24468128,20191028000000
20191028,30,02,1416,622,1631232,333370,20191028000000
20191028,04,07,6140,7240,24063445,17217084,20191028000000
20191028,65,02,3328,5348,11594752,5605265,20191028000000
20191028,01,07,2250,3292,9207465,7906162,20191028000000
20191028,04,02,9592,15345,38823568,15525738,20191028000000
20191028,14,09,12348,16197,18990440,10147107,20191028000000
20191028,03,10,1230,879,2092976,847547,20191028000000
20191028,01,08,7520,13260,33934752,15750681,20191028000000
20191028,75,02,6500,9734,11718250,5150193,20191028000000
20191028,03,04,1052,2715,3746172,2494360,20191028000000
20191028,01,10,2460,3307,10195562,8203746,20191028000000
20191028,08,01,4280,4189,10605840,3650960,20191028000000
20191029,8B,00,5730,3877,21091223,7962705,20191029000000
20191029,88,07,4535,5930,18265563,13211828,20191029000000
20191029,01,08,7520,11368,33934752,12279696,20191029000000
20191029,04,02,9592,14277,38823568,13155426,20191029000000
20191029,03,02,12654,10853,31611352,9551409,20191029000000
20191029,01,04,1578,2820,2526904,1580266,20191029000000
20191029,05,04,1052,600,1673732,404102,20191029000000
20191029,04,07,6000,6609,23540790,15455609,20191029000000
20191029,60,02,1592,1991,6182968,1910581,20191029000000
20191029,30,02,1416,404,1631232,187922,20191029000000
20191029,02,02,5008,6416,13754472,6073710,20191029000000
20191029,01,00,88687,76192,357123691,180825578,20191029000000
20191029,14,09,12348,15164,16021040,9287444,20191029000000
20191029,01,10,2460,3027,10195562,7295234,20191029000000
20191029,01,01,398,197,1583244,324860,20191029000000
20191029,03,00,22920,13962,80226677,32012208,20191029000000
20191029,00,* ,0,158,0,69269,20191029000000
20191029,88,02,3996,3753,6420190,2458813,20191029000000
20191029,01,02,25428,57323,85425336,44347637,20191029000000
20191029,03,10,1230,721,1986848,642325,20191029000000
20191029,8B,07,8390,10181,30719345,20109879,20191029000000
20191029,03,07,11050,11268,36212494,22967501,20191029000000
20191029,08,01,4280,4037,10605840,3435562,20191029000000
20191029,08,02,7720,12926,20379072,9556009,20191029000000
20191029,60,01,1220,287,565748,78431,20191029000000
20191029,C1,98,2528,726,0,0,20191029000000
20191029,04,01,338,269,1063010,846005,20191029000000
20191029,04,00,11332,9706,45512837,21740905,20191029000000
20191029,88,00,11460,9977,48208945,24067981,20191029000000
20191029,75,02,6500,9095,11718250,4812567,20191029000000
20191029,03,04,1052,2459,3746172,2209909,20191029000000
20191029,01,07,2320,3268,9478206,7535446,20191029000000
20191029,83,02,1288,869,1458016,337767,20191029000000
20191029,04,08,1504,1661,6417568,2066067,20191029000000
20191029,02,08,1504,416,3113280,470973,20191029000000
20191029,N1,10,14760,9519,32944320,15356782,20191029000000
20191029,05,02,4328,5892,9430104,2907416,20191029000000
20191029,03,08,4512,4493,16891424,4503742,20191029000000
20191029,65,02,3328,5010,11594752,5242153,20191029000000
20191029,8B,02,2254,312,870044,94558,20191029000000
20191030,03,04,1052,2370,3746172,2093832,20191030000000
20191030,01,08,7520,11360,33934752,12046647,20191030000000
20191030,01,04,1578,2754,2526904,1537336,20191030000000
20191030,14,09,12348,15214,16491440,9471191,20191030000000
20191030,04,00,11460,9595,45916229,21649705,20191030000000
20191030,60,02,1592,1660,6182968,1778848,20191030000000
20191030,01,02,24928,56994,84367336,42430632,20191030000000
20191030,08,02,7720,12993,20379072,9458124,20191030000000
20191030,03,00,22920,14724,80226677,34852919,20191030000000
20191030,83,02,1288,836,1458016,344714,20191030000000
20191030,05,04,1052,737,1673732,547209,20191030000000
20191030,65,02,3320,5052,11566880,5100911,20191030000000
20191030,02,01,738,379,2246100,1169944,20191030000000
20191030,03,10,1230,657,1986848,559941,20191030000000
20191030,88,07,4570,5808,18388013,12822672,20191030000000
20191030,8B,00,5730,4051,21091223,8273175,20191030000000
20191030,03,02,13154,11135,32921352,10581313,20191030000000
20191030,8B,02,2254,286,870044,90775,20191030000000
20191030,05,02,4328,6027,9430104,3049071,20191030000000
20191030,04,02,9592,14028,38823568,12726555,20191030000000
20191030,01,01,398,240,1583244,383503,20191030000000
20191030,88,01,436,195,1120084,260481,20191030000000
20191030,60,01,1536,611,746974,170695,20191030000000
20191030,02,08,1504,412,3113280,483914,20191030000000
20191030,88,02,3996,3763,6420190,2336268,20191030000000
20191030,30,02,1416,482,1631232,233649,20191030000000
20191030,04,01,436,269,1874364,340176,20191030000000
20191030,03,08,4512,4521,16891424,4772721,20191030000000
20191030,01,00,88815,75810,357524395,179556355,20191030000000
20191030,8B,07,8390,9981,30705157,19831519,20191030000000
20191030,11,01,272,0,161024,0,20191030000000
20191030,00,* ,0,158,0,69269,20191030000000
20191030,01,10,2460,3047,10195562,7720664,20191030000000
20191030,75,02,6500,8900,11718250,4543869,20191030000000
20191030,88,00,11460,10574,48208945,26659579,20191030000000
20191030,01,07,2250,3298,9207465,7748023,20191030000000
20191030,N1,10,14760,9681,32872896,15831130,20191030000000
20191030,03,07,11190,11516,36776230,23574897,20191030000000
20191030,08,01,4788,4336,11864664,3704086,20191030000000
20191030,04,07,6070,6730,23799312,15783051,20191030000000
20191030,04,08,1504,1549,6417568,1906569,20191030000000
20191030,C1,98,2528,764,0,0,20191030000000
20191030,02,02,5008,6440,13754472,6107689,20191030000000
20191031,65,02,3312,5340,11539008,5874312,20191031000000
20191031,04,07,6140,7070,24082077,16410603,20191031000000
20191031,01,07,2250,3402,9207465,7926115,20191031000000
20191031,08,02,7720,13650,20379072,10172201,20191031000000
20191031,83,02,1288,1002,1458016,433860,20191031000000
20191031,60,02,1592,1748,6182968,1792317,20191031000000
20191031,88,00,11460,10903,48272145,26797526,20191031000000
20191031,03,04,1052,2716,3746172,2409412,20191031000000
20191031,88,07,4570,5950,18388013,13311447,20191031000000
20191031,04,08,1504,1637,6417568,1944272,20191031000000
20191031,01,04,1578,3029,2526904,1777074,20191031000000
20191031,01,02,24928,61220,84367336,48437513,20191031000000
20191031,02,01,400,131,1012400,223287,20191031000000
20191031,04,01,436,250,1874364,355751,20191031000000
20191031,30,02,1416,602,1631232,294222,20191031000000
20191031,04,02,9592,16156,38823568,15215190,20191031000000
20191031,88,02,3996,3966,6420190,2551018,20191031000000
20191031,02,02,5008,6873,13754472,6529529,20191031000000
20191031,N1,10,14760,10776,32908608,17881592,20191031000000
20191031,14,09,12348,16121,15511440,10034146,20191031000000
20191031,02,08,1504,448,3113280,490399,20191031000000
20191031,03,00,22920,15577,80226677,36512272,20191031000000
20191031,03,07,11120,11964,36514782,24190576,20191031000000
20191031,75,02,6500,10245,11718250,5315966,20191031000000
20191031,01,01,398,211,1583244,338609,20191031000000
20191031,05,04,1052,759,1673732,524721,20191031000000
20191031,8B,07,8390,10535,30729510,21141438,20191031000000
20191031,88,01,436,177,1120084,192744,20191031000000
20191031,00,* ,0,158,0,69269,20191031000000
20191031,01,00,88687,80848,357269781,194180821,20191031000000
20191031,01,08,7520,12749,33934752,14015587,20191031000000
20191031,05,02,4328,6890,9430104,3685577,20191031000000
20191031,60,01,1536,570,746974,156047,20191031000000
20191031,8B,00,5730,4385,21091223,9118755,20191031000000
20191031,01,10,2460,3143,10195562,7777492,20191031000000
20191031,03,02,14238,12602,35980888,11688423,20191031000000
20191031,03,08,4512,4880,16891424,5068857,20191031000000
20191031,04,00,11332,10371,45512837,23712270,20191031000000
20191031,08,01,4788,4599,11864664,4056080,20191031000000
20191031,11,01,272,0,161024,0,20191031000000
20191031,8B,02,2254,369,870044,119974,20191031000000
20191031,C1,98,2528,885,0,0,20191031000000
20191031,03,10,1230,703,1986848,619125,20191031000000
